
=== <Result of SELECT Command in Line 1> ===

  class_name            owner_name            class_type            is_system_class       tde_algorithm         partitioned           is_reuse_oid_class    collation             comment             
======================================================================================================================================================================================================
  't1'                  'U4'                  'CLASS'               'NO'                  'NONE'                'NO'                  'NO'                  'utf8_bin'            'u4 > t1'           
  't2_h'                'U4'                  'CLASS'               'NO'                  'NONE'                'YES'                 'NO'                  'utf8_bin'            'u4 > t2_h (hash)'  
  't2_h__p__p0'         'U4'                  'CLASS'               'NO'                  'NONE'                'NO'                  'NO'                  'utf8_bin'            NULL                
  't2_h__p__p1'         'U4'                  'CLASS'               'NO'                  'NONE'                'NO'                  'NO'                  'utf8_bin'            NULL                
  't2_l'                'U4'                  'CLASS'               'NO'                  'NONE'                'YES'                 'NO'                  'utf8_bin'            'u4 > t2_l (list)'  
  't2_l__p__p0'         'U4'                  'CLASS'               'NO'                  'NONE'                'NO'                  'NO'                  'utf8_bin'            NULL                
  't2_l__p__p1'         'U4'                  'CLASS'               'NO'                  'NONE'                'NO'                  'NO'                  'utf8_bin'            NULL                
  't2_r'                'U4'                  'CLASS'               'NO'                  'NONE'                'YES'                 'NO'                  'utf8_bin'            'u4 > t2_r (range)' 
  't2_r__p__p0'         'U4'                  'CLASS'               'NO'                  'NONE'                'NO'                  'NO'                  'utf8_bin'            NULL                
  't2_r__p__p1'         'U4'                  'CLASS'               'NO'                  'NONE'                'NO'                  'NO'                  'utf8_bin'            NULL                
  't3'                  'U4'                  'CLASS'               'NO'                  'NONE'                'NO'                  'NO'                  'utf8_bin'            'u4 > t3 (inherit)' 
  't3_d'                'U4'                  'CLASS'               'NO'                  'NONE'                'NO'                  'NO'                  'utf8_bin'            'u4 > t3_d (domain)'
  't3_s'                'U4'                  'CLASS'               'NO'                  'NONE'                'NO'                  'NO'                  'utf8_bin'            'u4 > t3_s (super)' 
  't4'                  'U4'                  'CLASS'               'NO'                  'NONE'                'NO'                  'NO'                  'utf8_bin'            'u4 > t4'           
  't5'                  'U4'                  'CLASS'               'NO'                  'NONE'                'NO'                  'NO'                  'utf8_bin'            'u4 > t5'           
  't5_c'                'U4'                  'CLASS'               'NO'                  'NONE'                'NO'                  'NO'                  'utf8_bin'            'u4 > t5_c (copy )' 
  'v1'                  'U4'                  'VCLASS'              'NO'                  'NONE'                'NO'                  'NO'                  'utf8_bin'            'u4 > v1'           

17 rows selected. (0.034100 sec) Committed. (0.000072 sec) 

=== <Result of SELECT Command in Line 2> ===

  class_name            owner_name            super_class_name      super_owner_name    
========================================================================================
  't2_h__p__p0'         'U4'                  't2_h'                'U4'                
  't2_h__p__p1'         'U4'                  't2_h'                'U4'                
  't2_l__p__p0'         'U4'                  't2_l'                'U4'                
  't2_l__p__p1'         'U4'                  't2_l'                'U4'                
  't2_r__p__p0'         'U4'                  't2_r'                'U4'                
  't2_r__p__p1'         'U4'                  't2_r'                'U4'                
  't3'                  'U4'                  't3_s'                'U4'                

7 rows selected. (0.015792 sec) Committed. (0.000056 sec) 

=== <Result of SELECT Command in Line 3> ===

  class_name            owner_name            partition_name        partition_class_name  partition_type        partition_expr        partition_values      comment             
================================================================================================================================================================================
  't2_h'                'U4'                  'p0'                  't2_h__p__p0'         'HASH'                '[c1]'                {NULL}                NULL                
  't2_h'                'U4'                  'p1'                  't2_h__p__p1'         'HASH'                '[c1]'                {NULL}                NULL                
  't2_l'                'U4'                  'p0'                  't2_l__p__p0'         'LIST'                '[c1]'                {0}                   'u4 > t2_l > p0 (list)'
  't2_l'                'U4'                  'p1'                  't2_l__p__p1'         'LIST'                '[c1]'                {1}                   'u4 > t2_l > p1 (list)'
  't2_r'                'U4'                  'p0'                  't2_r__p__p0'         'RANGE'               '[c1]'                {NULL, 0}             'u4 > t2_r > p0 (range)'
  't2_r'                'U4'                  'p1'                  't2_r__p__p1'         'RANGE'               '[c1]'                {0, NULL}             'u4 > t2_r > p1 (range)'

6 rows selected. (0.230774 sec) Committed. (0.000071 sec) 

=== <Result of SELECT Command in Line 4> ===

  vclass_name           owner_name            vclass_def            comment             
========================================================================================
  'v1'                  'U4'                  'select [t].[c1], [t].[c2] from [u4.t1] [t]'  'u4 > v1'           

1 row selected. (0.013735 sec) Committed. (0.000056 sec) 

=== <Result of SELECT Command in Line 5> ===

  attr_name             class_name            owner_name            attr_type               def_order  from_class_name       from_owner_name       from_attr_name        data_type                    prec        scale  charset               collation             domain_class_name     domain_owner_name     default_value         is_nullable           comment             
=================================================================================================================================================================================================================================================================================================================================================================================
  'a1'                  't1'                  'U4'                  'CLASS'                         0  NULL                  NULL                  NULL                  'INTEGER'                      10            0  'Not applicable'      'Not applicable'      NULL                  NULL                  NULL                  'YES'                 NULL                
  'c1'                  't1'                  'U4'                  'INSTANCE'                      0  NULL                  NULL                  NULL                  'INTEGER'                      10            0  'Not applicable'      'Not applicable'      NULL                  NULL                  NULL                  'YES'                 NULL                
  'c2'                  't1'                  'U4'                  'INSTANCE'                      1  NULL                  NULL                  NULL                  'STRING'                      255            0  'euckr'               'euckr_bin'           NULL                  NULL                  NULL                  'YES'                 NULL                
  'c1'                  't2_h'                'U4'                  'INSTANCE'                      0  NULL                  NULL                  NULL                  'INTEGER'                      10            0  'Not applicable'      'Not applicable'      NULL                  NULL                  NULL                  'YES'                 NULL                
  'c1'                  't2_h__p__p0'         'U4'                  'INSTANCE'                      0  't2_h'                'U4'                  NULL                  'INTEGER'                      10            0  'Not applicable'      'Not applicable'      NULL                  NULL                  NULL                  'YES'                 NULL                
  'c1'                  't2_h__p__p1'         'U4'                  'INSTANCE'                      0  't2_h'                'U4'                  NULL                  'INTEGER'                      10            0  'Not applicable'      'Not applicable'      NULL                  NULL                  NULL                  'YES'                 NULL                
  'c1'                  't2_l'                'U4'                  'INSTANCE'                      0  NULL                  NULL                  NULL                  'INTEGER'                      10            0  'Not applicable'      'Not applicable'      NULL                  NULL                  NULL                  'YES'                 NULL                
  'c1'                  't2_l__p__p0'         'U4'                  'INSTANCE'                      0  't2_l'                'U4'                  NULL                  'INTEGER'                      10            0  'Not applicable'      'Not applicable'      NULL                  NULL                  NULL                  'YES'                 NULL                
  'c1'                  't2_l__p__p1'         'U4'                  'INSTANCE'                      0  't2_l'                'U4'                  NULL                  'INTEGER'                      10            0  'Not applicable'      'Not applicable'      NULL                  NULL                  NULL                  'YES'                 NULL                
  'c1'                  't2_r'                'U4'                  'INSTANCE'                      0  NULL                  NULL                  NULL                  'INTEGER'                      10            0  'Not applicable'      'Not applicable'      NULL                  NULL                  NULL                  'YES'                 NULL                
  'c1'                  't2_r__p__p0'         'U4'                  'INSTANCE'                      0  't2_r'                'U4'                  NULL                  'INTEGER'                      10            0  'Not applicable'      'Not applicable'      NULL                  NULL                  NULL                  'YES'                 NULL                
  'c1'                  't2_r__p__p1'         'U4'                  'INSTANCE'                      0  't2_r'                'U4'                  NULL                  'INTEGER'                      10            0  'Not applicable'      'Not applicable'      NULL                  NULL                  NULL                  'YES'                 NULL                
  'c1'                  't3'                  'U4'                  'INSTANCE'                      1  NULL                  NULL                  NULL                  'INTEGER'                      10            0  'Not applicable'      'Not applicable'      NULL                  NULL                  NULL                  'YES'                 NULL                
  'c1_s'                't3'                  'U4'                  'INSTANCE'                      0  't3_s'                'U4'                  'c1'                  'INTEGER'                      10            0  'Not applicable'      'Not applicable'      NULL                  NULL                  NULL                  'YES'                 NULL                
  'c3'                  't3'                  'U4'                  'INSTANCE'                      2  NULL                  NULL                  NULL                  'OBJECT'                        0            0  'Not applicable'      'Not applicable'      't3_d'                'U4'                  NULL                  'YES'                 NULL                
  'c4'                  't3'                  'U4'                  'INSTANCE'                      3  NULL                  NULL                  NULL                  'SEQUENCE'                      0            0  'Not applicable'      'Not applicable'      NULL                  NULL                  NULL                  'YES'                 NULL                
  'c1'                  't3_d'                'U4'                  'INSTANCE'                      0  NULL                  NULL                  NULL                  'INTEGER'                      10            0  'Not applicable'      'Not applicable'      NULL                  NULL                  NULL                  'YES'                 NULL                
  'c1'                  't3_s'                'U4'                  'INSTANCE'                      0  NULL                  NULL                  NULL                  'INTEGER'                      10            0  'Not applicable'      'Not applicable'      NULL                  NULL                  NULL                  'YES'                 NULL                
  'c1'                  't4'                  'U4'                  'INSTANCE'                      0  NULL                  NULL                  NULL                  'INTEGER'                      10            0  'Not applicable'      'Not applicable'      NULL                  NULL                  NULL                  'NO'                  NULL                
  'c2'                  't4'                  'U4'                  'INSTANCE'                      1  NULL                  NULL                  NULL                  'INTEGER'                      10            0  'Not applicable'      'Not applicable'      NULL                  NULL                  NULL                  'YES'                 NULL                
  'c3'                  't4'                  'U4'                  'INSTANCE'                      2  NULL                  NULL                  NULL                  'STRING'                      255            0  'utf8'                'utf8_bin'            NULL                  NULL                  NULL                  'YES'                 NULL                
  'c1'                  't5'                  'U4'                  'INSTANCE'                      0  NULL                  NULL                  NULL                  'INTEGER'                      10            0  'Not applicable'      'Not applicable'      NULL                  NULL                  NULL                  'YES'                 NULL                
  'c2'                  't5'                  'U4'                  'INSTANCE'                      1  NULL                  NULL                  NULL                  'INTEGER'                      10            0  'Not applicable'      'Not applicable'      NULL                  NULL                  NULL                  'YES'                 NULL                
  'c1'                  't5_c'                'U4'                  'INSTANCE'                      0  NULL                  NULL                  NULL                  'INTEGER'                      10            0  'Not applicable'      'Not applicable'      NULL                  NULL                  NULL                  'YES'                 NULL                
  'c2'                  't5_c'                'U4'                  'INSTANCE'                      1  NULL                  NULL                  NULL                  'INTEGER'                      10            0  'Not applicable'      'Not applicable'      NULL                  NULL                  NULL                  'YES'                 NULL                
  'c1'                  'v1'                  'U4'                  'INSTANCE'                      0  NULL                  NULL                  NULL                  'INTEGER'                      10            0  'Not applicable'      'Not applicable'      NULL                  NULL                  NULL                  'YES'                 NULL                
  'c2'                  'v1'                  'U4'                  'INSTANCE'                      1  NULL                  NULL                  NULL                  'STRING'                      255            0  'euckr'               'euckr_bin'           NULL                  NULL                  NULL                  'YES'                 NULL                

27 rows selected. (0.080266 sec) Committed. (0.000132 sec) 

=== <Result of SELECT Command in Line 6> ===

  attr_name             class_name            owner_name            attr_type             data_type                    prec        scale     code_set  domain_class_name     domain_owner_name   
=================================================================================================================================================================================================
  'c4'                  't3'                  'U4'                  'INSTANCE'            'OBJECT'                        0            0            0  't3_d'                'U4'                

1 row selected. (0.060075 sec) Committed. (0.000122 sec) 

=== <Result of SELECT Command in Line 7> ===

  grantor_name          grantee_name          class_name            owner_name            auth_type             is_grantable        
====================================================================================================================================
  'U4'                  'U5'                  't1'                  'U4'                  'SELECT'              'YES'               
  'U4'                  'U5'                  't2_h'                'U4'                  'SELECT'              'YES'               
  'U4'                  'U5'                  't2_h__p__p0'         'U4'                  'SELECT'              'YES'               
  'U4'                  'U5'                  't2_h__p__p1'         'U4'                  'SELECT'              'YES'               
  'U4'                  'U5'                  't2_l'                'U4'                  'SELECT'              'YES'               
  'U4'                  'U5'                  't2_l__p__p0'         'U4'                  'SELECT'              'YES'               
  'U4'                  'U5'                  't2_l__p__p1'         'U4'                  'SELECT'              'YES'               
  'U4'                  'U5'                  't2_r'                'U4'                  'SELECT'              'YES'               
  'U4'                  'U5'                  't2_r__p__p0'         'U4'                  'SELECT'              'YES'               
  'U4'                  'U5'                  't2_r__p__p1'         'U4'                  'SELECT'              'YES'               
  'U4'                  'U5'                  't3'                  'U4'                  'SELECT'              'YES'               
  'U4'                  'U5'                  't4'                  'U4'                  'SELECT'              'YES'               
  'U4'                  'U5'                  't5'                  'U4'                  'SELECT'              'YES'               
  'U4'                  'U5'                  't5_c'                'U4'                  'SELECT'              'YES'               
  'U4'                  'U5'                  'v1'                  'U4'                  'SELECT'              'YES'               
  'U5'                  'U6'                  't1'                  'U4'                  'SELECT'              'NO'                
  'U5'                  'U6'                  't2_h'                'U4'                  'SELECT'              'NO'                
  'U5'                  'U6'                  't2_h__p__p0'         'U4'                  'SELECT'              'NO'                
  'U5'                  'U6'                  't2_h__p__p1'         'U4'                  'SELECT'              'NO'                
  'U5'                  'U6'                  't2_l'                'U4'                  'SELECT'              'NO'                
  'U5'                  'U6'                  't2_l__p__p0'         'U4'                  'SELECT'              'NO'                
  'U5'                  'U6'                  't2_l__p__p1'         'U4'                  'SELECT'              'NO'                
  'U5'                  'U6'                  't2_r'                'U4'                  'SELECT'              'NO'                
  'U5'                  'U6'                  't2_r__p__p0'         'U4'                  'SELECT'              'NO'                
  'U5'                  'U6'                  't2_r__p__p1'         'U4'                  'SELECT'              'NO'                
  'U5'                  'U6'                  't3'                  'U4'                  'SELECT'              'NO'                
  'U5'                  'U6'                  't4'                  'U4'                  'SELECT'              'NO'                
  'U5'                  'U6'                  't5'                  'U4'                  'SELECT'              'NO'                
  'U5'                  'U6'                  't5_c'                'U4'                  'SELECT'              'NO'                
  'U5'                  'U6'                  'v1'                  'U4'                  'SELECT'              'NO'                

30 rows selected. (0.114594 sec) Committed. (0.000107 sec) 

=== <Result of SELECT Command in Line 8> ===

  index_name            is_unique             is_reverse            class_name            owner_name              key_count  is_primary_key        is_foreign_key        filter_expression     have_function         comment               status              
===============================================================================================================================================================================================================================================================
  'i1'                  'NO'                  'NO'                  't4'                  'U4'                            2  'NO'                  'NO'                  NULL                  'NO'                  'u4 > t4 > i1 (index)'  'INVISIBLE INDEX'   
  'i2'                  'NO'                  'NO'                  't4'                  'U4'                            1  'NO'                  'NO'                  '[u4.t4].c2=0'        'NO'                  'u4 > t4 > i2 (filter)'  'NORMAL INDEX'      
  'i3'                  'NO'                  'NO'                  't4'                  'U4'                            1  'NO'                  'NO'                  NULL                  'YES'                 'u4 > t4 > i3 (function)'  'NORMAL INDEX'      
  'pk_t4_c1'            'YES'                 'NO'                  't4'                  'U4'                            1  'YES'                 'NO'                  NULL                  'NO'                  NULL                  'NORMAL INDEX'      
  'u_t5_c1'             'YES'                 'NO'                  't5'                  'U4'                            1  'NO'                  'NO'                  NULL                  'NO'                  NULL                  'NORMAL INDEX'      
  'u_t5_c_c1'           'YES'                 'NO'                  't5_c'                'U4'                            1  'NO'                  'NO'                  NULL                  'NO'                  NULL                  'NORMAL INDEX'      

6 rows selected. (0.047267 sec) Committed. (0.000218 sec) 

=== <Result of SELECT Command in Line 9> ===

  index_name            class_name            owner_name            key_attr_name           key_order  asc_desc              key_prefix_length  func                
====================================================================================================================================================================
  'i1'                  't4'                  'U4'                  'c1'                            0  'ASC'                                -1  NULL                
  'i1'                  't4'                  'U4'                  'c2'                            1  'ASC'                                -1  NULL                
  'i2'                  't4'                  'U4'                  'c2'                            0  'ASC'                                -1  NULL                
  'i3'                  't4'                  'U4'                  NULL                            0  'ASC'                                -1  ' replace([u4.t4].[c3], _utf8' ' collate utf8_bin, _utf8'' collate utf8_bin)'
  'pk_t4_c1'            't4'                  'U4'                  'c1'                            0  'ASC'                                -1  NULL                
  'u_t5_c1'             't5'                  'U4'                  'c1'                            0  'ASC'                                -1  NULL                
  'u_t5_c_c1'           't5_c'                'U4'                  'c1'                            0  'ASC'                                -1  NULL                

7 rows selected. (0.046117 sec) Committed. (0.000140 sec) 

=== <Result of SELECT Command in Line 10> ===

  trigger_name          owner_name            target_class_name     target_owner_name     target_attr_name      target_attr_type      action_type  action_time  comment             
====================================================================================================================================================================================
  'r_d'                 'U0'                  't5'                  'U0'                  NULL                  'INSTANCE'                      2            1  'u0 {dba} > r_d (delete)'
  'r_i'                 'U0'                  't5'                  'U0'                  NULL                  'INSTANCE'                      1            2  'u0 {dba} > r_i (insert)'
  'r_u'                 'U0'                  't5'                  'U0'                  'c2'                  'INSTANCE'                      1            2  'u0 {dba} > r_u (update)'
  'r_d'                 'U0_1'                't5'                  'U0_1'                NULL                  'INSTANCE'                      2            1  'u0_1 {dba} > r_d (delete)'
  'r_i'                 'U0_1'                't5'                  'U0_1'                NULL                  'INSTANCE'                      1            2  'u0_1 {dba} > r_i (insert)'
  'r_u'                 'U0_1'                't5'                  'U0_1'                'c2'                  'INSTANCE'                      1            2  'u0_1 {dba} > r_u (update)'
  'r_d'                 'U1'                  't5'                  'U1'                  NULL                  'INSTANCE'                      2            1  'u1 > r_d (delete)' 
  'r_i'                 'U1'                  't5'                  'U1'                  NULL                  'INSTANCE'                      1            2  'u1 > r_i (insert)' 
  'r_u'                 'U1'                  't5'                  'U1'                  'c2'                  'INSTANCE'                      1            2  'u1 > r_u (update)' 
  'r_d'                 'U1_1'                't5'                  'U1_1'                NULL                  'INSTANCE'                      2            1  'u1_1 {u1} > r_d (delete)'
  'r_i'                 'U1_1'                't5'                  'U1_1'                NULL                  'INSTANCE'                      1            2  'u1_1 {u1} > r_i (insert)'
  'r_u'                 'U1_1'                't5'                  'U1_1'                'c2'                  'INSTANCE'                      1            2  'u1_1 {u1} > r_u (update)'
  'r_d'                 'U2'                  't5'                  'U2'                  NULL                  'INSTANCE'                      2            1  'u2 > r_d (delete)' 
  'r_i'                 'U2'                  't5'                  'U2'                  NULL                  'INSTANCE'                      1            2  'u2 > r_i (insert)' 
  'r_u'                 'U2'                  't5'                  'U2'                  'c2'                  'INSTANCE'                      1            2  'u2 > r_u (update)' 
  'r_d'                 'U2_1'                't5'                  'U2_1'                NULL                  'INSTANCE'                      2            1  'u2_1 {u2} > r_d (delete)'
  'r_i'                 'U2_1'                't5'                  'U2_1'                NULL                  'INSTANCE'                      1            2  'u2_1 {u2} > r_i (insert)'
  'r_u'                 'U2_1'                't5'                  'U2_1'                'c2'                  'INSTANCE'                      1            2  'u2_1 {u2} > r_u (update)'
  'r_d'                 'U3'                  't5'                  'U3'                  NULL                  'INSTANCE'                      2            1  'u3 {u1_1, u2_1} > r_d (delete)'
  'r_i'                 'U3'                  't5'                  'U3'                  NULL                  'INSTANCE'                      1            2  'u3 {u1_1, u2_1} > r_i (insert)'
  'r_u'                 'U3'                  't5'                  'U3'                  'c2'                  'INSTANCE'                      1            2  'u3 {u1_1, u2_1} > r_u (update)'
  'r_d'                 'U3_1'                't5'                  'U3_1'                NULL                  'INSTANCE'                      2            1  'u3_1 {u3} > r_d (delete)'
  'r_i'                 'U3_1'                't5'                  'U3_1'                NULL                  'INSTANCE'                      1            2  'u3_1 {u3} > r_i (insert)'
  'r_u'                 'U3_1'                't5'                  'U3_1'                'c2'                  'INSTANCE'                      1            2  'u3_1 {u3} > r_u (update)'
  'r_d'                 'U4'                  't5'                  'U4'                  NULL                  'INSTANCE'                      2            1  'u4 > r_d (delete)' 
  'r_i'                 'U4'                  't5'                  'U4'                  NULL                  'INSTANCE'                      1            2  'u4 > r_i (insert)' 
  'r_u'                 'U4'                  't5'                  'U4'                  'c2'                  'INSTANCE'                      1            2  'u4 > r_u (update)' 

27 rows selected. (0.032445 sec) Committed. (0.000062 sec) 

=== <Result of SELECT Command in Line 11> ===

  sp_name               sp_type               return_type             arg_count  lang                  target                owner                 comment             
=======================================================================================================================================================================
  'j0'                  'FUNCTION'            'INTEGER'                       2  'JAVA'                'test.j0(int) return int'  'U0'                  'u0 {dba} > j0 (function)'
  'j0_1'                'FUNCTION'            'INTEGER'                       2  'JAVA'                'test.j0(int) return int'  'U0_1'                'u0_1 {dba} > j0_1 (function)'
  'j1'                  'FUNCTION'            'INTEGER'                       2  'JAVA'                'Test.j1(int) return int'  'U1'                  'u1 > j1 (function)'
  'j1_1'                'FUNCTION'            'INTEGER'                       2  'JAVA'                'Test.j1_1(int) return int'  'U1_1'                'u1_1 {u1} > j1_1 (function)'
  'j2'                  'FUNCTION'            'INTEGER'                       2  'JAVA'                'Test.j2(int) return int'  'U2'                  'u2 > j2 (function)'
  'j2_1'                'FUNCTION'            'INTEGER'                       2  'JAVA'                'Test.j2_1(int) return int'  'U2_1'                'u2_1 {u2} > j2_1 (function)'
  'j3'                  'FUNCTION'            'INTEGER'                       2  'JAVA'                'Test.j3(int) return int'  'U3'                  'u3 {u1_1, u2_1} > j3 (function)'
  'j3_1'                'FUNCTION'            'INTEGER'                       2  'JAVA'                'Test.j3_1(int) return int'  'U3_1'                'u3_1 {u3} > j3_1 (function)'
  'j4'                  'FUNCTION'            'INTEGER'                       2  'JAVA'                'Test.j4(int) return int'  'U4'                  'u4 > j4 (function)'

9 rows selected. (0.004855 sec) Committed. (0.000032 sec) 

=== <Result of SELECT Command in Line 12> ===

  sp_name                  index_of  arg_name              data_type             mode                  comment             
===========================================================================================================================
  'j0'                            0  'arg1'                'INTEGER'             'IN'                  'u0 {dba} > j0 > arg1 (in)'
  'j0'                            1  'arg2'                'INTEGER'             'OUT'                 'u0 {dba} > j0 > arg2 (out)'
  'j0_1'                          0  'arg1'                'INTEGER'             'IN'                  'u0_1 {dba} > j0_1 > arg1 (in)'
  'j0_1'                          1  'arg2'                'INTEGER'             'OUT'                 'u0_1 {dba} > j0_1 > arg2 (out)'
  'j1'                            0  'arg1'                'INTEGER'             'IN'                  'u1 > j1 > arg1 (in)'
  'j1'                            1  'arg2'                'INTEGER'             'OUT'                 'u1 > j1 > arg2 (out)'
  'j1_1'                          0  'arg1'                'INTEGER'             'IN'                  'u1_1 {u1} > j1_1 > arg1 (in)'
  'j1_1'                          1  'arg2'                'INTEGER'             'OUT'                 'u1_1 {u1} > j1_1 > arg2 (out)'
  'j2'                            0  'arg1'                'INTEGER'             'IN'                  'u2 > j2 > arg1 (in)'
  'j2'                            1  'arg2'                'INTEGER'             'OUT'                 'u2 > j2 > arg2 (out)'
  'j2_1'                          0  'arg1'                'INTEGER'             'IN'                  'u2_1 {u2} > j2_1 > arg1 (in)'
  'j2_1'                          1  'arg2'                'INTEGER'             'OUT'                 'u2_1 {u2} > j2_1 > arg2 (out)'
  'j3'                            0  'arg1'                'INTEGER'             'IN'                  'u3 {u1_1, u2_1} > j3 > arg1 (in)'
  'j3'                            1  'arg2'                'INTEGER'             'OUT'                 'u3 {u1_1, u2_1} > j3 > arg2 (out)'
  'j3_1'                          0  'arg1'                'INTEGER'             'IN'                  'u3_1 {u3} > j3_1 > arg1 (in)'
  'j3_1'                          1  'arg2'                'INTEGER'             'OUT'                 'u3_1 {u3} > j3_1 > arg2 (out)'
  'j4'                            0  'arg1'                'INTEGER'             'IN'                  'u4 > j4 > arg1 (in)'
  'j4'                            1  'arg2'                'INTEGER'             'OUT'                 'u4 > j4 > arg2 (out)'

18 rows selected. (0.005473 sec) Committed. (0.000027 sec) 

=== <Result of SELECT Command in Line 13> ===

  meth_name             class_name            owner_name            meth_type             from_class_name       from_owner_name       from_meth_name        func_name           
================================================================================================================================================================================
  'm0'                  't3'                  'U4'                  'CLASS'               NULL                  NULL                  NULL                  'f0'                
  'm0_s'                't3'                  'U4'                  'CLASS'               't3_s'                'U4'                  'm0'                  'f0'                
  'm1'                  't3'                  'U4'                  'INSTANCE'            NULL                  NULL                  NULL                  'f1'                
  'm1_s'                't3'                  'U4'                  'INSTANCE'            't3_s'                'U4'                  'm1'                  'f1'                
  'm0'                  't3_s'                'U4'                  'CLASS'               NULL                  NULL                  NULL                  'f0'                
  'm1'                  't3_s'                'U4'                  'INSTANCE'            NULL                  NULL                  NULL                  'f1'                

6 rows selected. (0.047702 sec) Committed. (0.000117 sec) 

=== <Result of SELECT Command in Line 14> ===

  meth_name             class_name            owner_name            meth_type                index_of  data_type                    prec        scale     code_set  domain_class_name     domain_owner_name   
==============================================================================================================================================================================================================
  'm0'                  't3'                  'U4'                  'CLASS'                         0  'OBJECT'                        0            0            0  't3_d'                'U4'                
  'm0'                  't3'                  'U4'                  'CLASS'                         1  'SEQUENCE'                      0            0            0  NULL                  NULL                
  'm0_s'                't3'                  'U4'                  'CLASS'                         0  'OBJECT'                        0            0            0  't3_d'                'U4'                
  'm0_s'                't3'                  'U4'                  'CLASS'                         1  'SEQUENCE'                      0            0            0  NULL                  NULL                
  'm1'                  't3'                  'U4'                  'INSTANCE'                      0  'INTEGER'                      10            0            0  NULL                  NULL                
  'm1'                  't3'                  'U4'                  'INSTANCE'                      1  'STRING'                      255            0            5  NULL                  NULL                
  'm1_s'                't3'                  'U4'                  'INSTANCE'                      0  'INTEGER'                      10            0            0  NULL                  NULL                
  'm1_s'                't3'                  'U4'                  'INSTANCE'                      1  'STRING'                      255            0            5  NULL                  NULL                
  'm0'                  't3_s'                'U4'                  'CLASS'                         0  'OBJECT'                        0            0            0  't3_d'                'U4'                
  'm0'                  't3_s'                'U4'                  'CLASS'                         1  'SEQUENCE'                      0            0            0  NULL                  NULL                
  'm1'                  't3_s'                'U4'                  'INSTANCE'                      0  'INTEGER'                      10            0            0  NULL                  NULL                
  'm1'                  't3_s'                'U4'                  'INSTANCE'                      1  'STRING'                      255            0            5  NULL                  NULL                

12 rows selected. (0.059669 sec) Committed. (0.000293 sec) 

=== <Result of SELECT Command in Line 15> ===

  meth_name             class_name            owner_name            meth_type                index_of  data_type                    prec        scale     code_set  domain_class_name     domain_owner_name   
==============================================================================================================================================================================================================
  'm0'                  't3'                  'U4'                  'CLASS'                         1  'OBJECT'                        0            0            0  't3_d'                'U4'                
  'm0'                  't3'                  'U4'                  'CLASS'                         1  'OBJECT'                        0            0            0  't3_d'                'U4'                
  'm0_s'                't3'                  'U4'                  'CLASS'                         1  'OBJECT'                        0            0            0  't3_d'                'U4'                
  'm0_s'                't3'                  'U4'                  'CLASS'                         1  'OBJECT'                        0            0            0  't3_d'                'U4'                
  'm0'                  't3_s'                'U4'                  'CLASS'                         1  'OBJECT'                        0            0            0  't3_d'                'U4'                
  'm0'                  't3_s'                'U4'                  'CLASS'                         1  'OBJECT'                        0            0            0  't3_d'                'U4'                

6 rows selected. (0.070381 sec) Committed. (0.000122 sec) 

=== <Result of SELECT Command in Line 16> ===

  class_name            owner_name            path_name             from_class_name       from_owner_name     
==============================================================================================================
  't3'                  'U4'                  '$home/method'        NULL                  NULL                
  't3'                  'U4'                  '$home/method_s'      't3_s'                'U4'                
  't3_s'                'U4'                  '$home/method_s'      NULL                  NULL                

3 rows selected. (0.011291 sec) Committed. (0.000066 sec) 

=== <Result of SELECT Command in Line 17> ===

There are no results.
0 row selected. (0.005204 sec) Committed. (0.000041 sec) 

=== <Result of SELECT Command in Line 18> ===

  link_name             host                         port  db_name               user_name             properties            owner                 comment             
=======================================================================================================================================================================
  's1'                  'localhost'                 33000  'demodb'              'dba'                 NULL                  'U4'                  'u4 > s1 (dblink)'  

1 row selected. (0.009046 sec) Committed. (0.000053 sec) 
